{"cameraMode":{"drawMode":0,"name":"Shaded","section":"Shading Mode"},"sceneLighting":false,"audioPlay":false,"sceneViewState":{"showFog":true,"showMaterialUpdate":false,"showSkybox":false,"showFlares":true,"showImageEffects":true,"showParticleSystems":true},"in2DMode":false,"pivot":{"x":0.12224465608596802,"y":1.0489106178283692,"z":0.06723056733608246},"rotation":{"x":0.10173109173774719,"y":0.32863593101501467,"z":-0.035631366074085239,"w":0.9382870197296143},"size":22.0,"orthographic":false}