{"cameraMode":{"drawMode":0,"name":"Shaded","section":"Shading Mode"},"sceneLighting":true,"audioPlay":false,"sceneViewState":{"showFog":true,"showMaterialUpdate":false,"showSkybox":true,"showFlares":true,"showImageEffects":true,"showParticleSystems":true},"in2DMode":false,"pivot":{"x":0.12224465608596802,"y":1.0489106178283692,"z":0.06723058223724365},"rotation":{"x":0.1488633006811142,"y":0.2828575670719147,"z":-0.04448767378926277,"w":0.9464967846870422},"size":30.38306427001953,"orthographic":true}